{
    "model": "cnn",
    "image_size": [
        64,
        64
    ],
    "accuracy": 0.80696124413725,
    "macro_f1": 0.7974676051855729
}